{"cameraMode":{"drawMode":0,"name":"Shaded","section":"Shading Mode"},"sceneLighting":false,"audioPlay":false,"sceneViewState":{"showFog":true,"showMaterialUpdate":true,"showSkybox":true,"showFlares":true,"showImageEffects":true,"showParticleSystems":true},"in2DMode":false,"pivot":{"x":0.5033237338066101,"y":0.367376446723938,"z":0.6868948936462402},"rotation":{"x":-0.02095034159719944,"y":0.9762827754020691,"z":-0.11060648411512375,"w":-0.18493060767650605},"size":0.6430403590202332,"orthographic":false}