{"cameraMode":{"drawMode":0,"name":"Shaded","section":"Shading Mode"},"sceneLighting":false,"audioPlay":false,"sceneViewState":{"showFog":true,"showMaterialUpdate":true,"showSkybox":true,"showFlares":true,"showImageEffects":true,"showParticleSystems":true},"in2DMode":false,"pivot":{"x":6.450383186340332,"y":35.19561767578125,"z":12.990880012512207},"rotation":{"x":0.06001036614179611,"y":-0.9365136623382568,"z":0.28234395384788515,"w":0.1990548074245453},"size":3.3763720989227297,"orthographic":false}