{"cameraMode":{"drawMode":0,"name":"Shaded","section":"Shading Mode"},"sceneLighting":false,"audioPlay":false,"sceneViewState":{"showFog":true,"showMaterialUpdate":true,"showSkybox":true,"showFlares":true,"showImageEffects":true,"showParticleSystems":true},"in2DMode":false,"pivot":{"x":-34.720001220703128,"y":0.5730000138282776,"z":-14.829999923706055},"rotation":{"x":-0.06052910163998604,"y":0.7810584306716919,"z":-0.07665747404098511,"w":-0.616771936416626},"size":3.0234618186950685,"orthographic":false}