{"cameraMode":{"drawMode":0,"name":"Shaded","section":"Shading Mode"},"sceneLighting":true,"audioPlay":false,"sceneViewState":{"showFog":true,"showMaterialUpdate":true,"showSkybox":true,"showFlares":true,"showImageEffects":true,"showParticleSystems":true},"in2DMode":false,"pivot":{"x":634.2374877929688,"y":278.54681396484377,"z":-142.06600952148438},"rotation":{"x":-0.07454952597618103,"y":-0.8400219082832336,"z":0.11951518058776856,"w":-0.5239481925964356},"size":581.2591552734375,"orthographic":false}